{
    "accuracy": 0.6935975609756098,
    "precision": 0.6692913385826772,
    "recall": 0.3483606557377049,
    "f1_score": 0.4582210242587601
}